step,loss,step_time_sec,elapsed_sec,tokens_processed,tokens_per_sec,vram_used_mb,vram_peak_mb,gpu_util_percent
0,10.962404251098633,0.9222134998999536,0.9226046002004296,512,554.9506255320767,444.05322265625,526.38671875,79
200,7.326479911804199,0.10639530001208186,24.61364490003325,102912,4181.0955028387925,444.05322265625,694.328125,98
400,7.157905578613281,0.04340770002454519,48.35748660005629,205312,4245.71280343923,444.05322265625,694.328125,39
600,6.541982650756836,0.04209730005823076,62.273724500089884,307712,4941.281454902474,444.05322265625,694.328125,48
800,6.5265092849731445,0.04201860004104674,72.5232342001982,410112,5654.905004207316,444.05322265625,694.328125,52
1000,6.04536771774292,0.08889780007302761,82.83165260008536,512512,6187.393151195824,444.05322265625,694.328125,33
1200,5.885440826416016,0.10278790001757443,95.98181460006163,614912,6406.546933523022,444.05322265625,694.328125,29
1400,5.224944591522217,0.05020119994878769,110.06092560011894,717312,6517.4083907506665,444.05322265625,694.328125,45
1600,5.619933128356934,0.04438430001027882,118.87316840002313,819712,6895.685637330421,444.05322265625,694.328125,48
1800,5.167014122009277,0.0370384999550879,127.64118170016445,922112,7224.2515128548985,444.05322265625,694.328125,50
2000,5.711318492889404,0.049101300071924925,136.34341230010614,1024512,7514.202429853683,444.05322265625,694.328125,53
2200,5.609825134277344,0.03615569998510182,145.20773050002754,1126912,7760.688746525009,444.05322265625,694.328125,51
2400,5.385649681091309,0.052910099970176816,153.78633380006067,1229312,7993.636167946121,444.05322265625,694.328125,51
2600,4.695346355438232,0.03776780003681779,162.30894480017014,1331712,8204.797348904976,444.05322265625,694.328125,50
2800,4.881655693054199,0.03643679991364479,171.03905420005322,1434112,8384.70492430701,444.05322265625,694.328125,52
3000,5.118556022644043,0.04430310009047389,179.8633623002097,1536512,8542.662498632766,444.05322265625,694.328125,51
3200,4.910719394683838,0.04085960006341338,188.55886510014534,1638912,8691.779085165574,444.05322265625,694.328125,48
3400,5.0408172607421875,0.03934020013548434,197.014561700169,1741312,8838.493890873176,444.05322265625,694.328125,51
3600,4.183372974395752,0.0464934001211077,206.03438980015926,1843712,8948.564372133642,444.05322265625,694.328125,49
3800,4.5506672859191895,0.04004700016230345,215.30425300006755,1946112,9038.892510866423,444.05322265625,694.328125,54
4000,4.387860298156738,0.041442800080403686,224.30391960009,2048512,9132.75168642741,444.05322265625,694.328125,53
4200,3.803292751312256,0.039269500179216266,233.17296830005944,2150912,9224.53411165608,444.05322265625,694.328125,53
4400,4.122722625732422,0.04533130000345409,241.8426525001414,2253312,9317.26466239731,444.05322265625,694.328125,53
4600,4.272479057312012,0.04017530009150505,250.61247649998404,2355712,9399.819326234343,444.05322265625,694.328125,53
4800,4.229477405548096,0.03840279998257756,259.39673420018516,2458112,9476.2642543641,444.05322265625,694.328125,53
5000,4.0354413986206055,0.03763429983519018,268.33551260014065,2560512,9542.203248421834,444.05322265625,694.328125,53
5200,3.562638759613037,0.04038379993289709,277.73863889998756,2662912,9587.834125445192,444.05322265625,694.328125,44
5400,3.9366297721862793,0.046477199997752905,287.0906901000999,2765312,9632.189741282864,444.05322265625,694.328125,50
5600,3.5665035247802734,0.05499590002000332,298.0917064000387,2867712,9620.23410390202,444.05322265625,694.328125,47
5800,3.8571646213531494,0.05527419992722571,307.7065410001669,2970112,9652.417496053127,444.05322265625,694.328125,38
6000,3.6902108192443848,0.04685249994508922,317.00587059999816,3072512,9692.287383147339,444.05322265625,694.328125,49
6200,3.321866035461426,0.05645480006933212,326.44301260006614,3174912,9725.777172292144,444.05322265625,694.328125,43
6400,3.7703447341918945,0.057116599986329675,335.6036243000999,3277312,9765.424931970927,444.05322265625,694.328125,51
6600,3.3247880935668945,0.039879800053313375,344.81165030016564,3379712,9801.617773233274,444.05322265625,694.328125,53
6800,3.2799243927001953,0.04140369989909232,353.89580850000493,3482112,9839.370561519243,444.05322265625,694.328125,42
7000,3.3494279384613037,0.04016319988295436,362.7703031001147,3584512,9880.9411061709,444.05322265625,694.328125,49
7200,3.244035243988037,0.04437900008633733,371.6142373001203,3686912,9921.342160586824,444.05322265625,694.328125,49
7400,3.3461203575134277,0.04698319989256561,380.7589881999884,3789312,9951.9961903295,444.05322265625,694.328125,52
7600,3.603848934173584,0.04188470006920397,389.56797350011766,3891712,9989.815038013705,444.05322265625,694.328125,54
7800,3.4697561264038086,0.06694000004790723,398.7808972999919,3994112,10015.805739549603,444.05322265625,694.328125,51
0,10.96240520477295,0.29580850014463067,0.29584200005047023,512,1730.6535242212178,444.05322265625,526.38671875,18
200,7.326233863830566,0.037114599952474236,9.122376499930397,102912,11281.270839981798,444.05322265625,694.25,55
400,7.15839958190918,0.03997769998386502,18.15802580001764,205312,11306.956067867275,444.05322265625,694.25,46
600,6.5416035652160645,0.03879270004108548,27.00005690008402,307712,11396.716723180034,444.05322265625,694.25,50
800,6.5276031494140625,0.058511999901384115,35.86079719988629,410112,11436.220943836139,444.05322265625,694.25,43
1000,6.04453182220459,0.04645900009199977,45.126883500022814,512512,11357.132605883162,444.05322265625,694.25,56
1200,5.8834028244018555,0.04172519990243018,54.18400839995593,614912,11348.588230332922,444.05322265625,694.25,52
1400,5.22271203994751,0.05140510015189648,64.6185761000961,717312,11100.708856364496,444.05322265625,694.25,49
1600,5.62006950378418,0.040266199968755245,76.08117010002024,819712,10774.177091682004,444.05322265625,694.25,45
1800,5.1733198165893555,0.038633499993011355,85.27717519993894,922112,10813.1161455341,444.05322265625,694.25,50
2000,5.712950706481934,0.04648560006171465,94.76981279999018,1024512,10810.531009090546,444.05322265625,694.25,49
2200,5.607783317565918,0.03849920001812279,104.15942759998143,1126912,10819.10707428082,444.05322265625,694.25,47
2400,5.3839497566223145,0.04942360008135438,113.15714120003395,1229312,10863.759785402135,444.05322265625,694.25,52
2600,4.697798252105713,0.04677740018814802,122.83512430009432,1331712,10841.459294220598,444.05322265625,694.25,54
2800,4.876931667327881,0.03925970010459423,132.43755290005356,1434112,10828.59029479561,444.05322265625,694.25,56
3000,5.115265846252441,0.03643970005214214,141.5364874000661,1536512,10855.94271996383,444.05322265625,694.25,49
3200,4.915769100189209,0.03779079997912049,150.43851280002855,1638912,10894.231599979557,444.05322265625,694.25,50
3400,5.029307842254639,0.04502060008235276,159.93935370002873,1741312,10887.326725515504,444.05322265625,694.25,49
3600,4.182135581970215,0.04709369991905987,169.32104599988088,1843712,10888.853119896845,444.05322265625,694.25,50
3800,4.556257247924805,0.04169830004684627,178.3874202000443,1946112,10909.46882811368,444.05322265625,694.25,46
4000,4.3922505378723145,0.046782199991866946,187.46203589998186,2048512,10927.609903335091,444.05322265625,694.25,55
4200,3.79758882522583,0.04997309995815158,197.22270009992644,2150912,10906.006250346443,444.05322265625,694.25,53
4400,4.1254425048828125,0.05767750018276274,206.43894620006904,2253312,10915.149691842626,444.05322265625,694.25,54
4600,4.276557445526123,0.04772859998047352,215.8452932999935,2355712,10913.89098175008,444.05322265625,694.25,50
4800,4.236794948577881,0.043454299913719296,225.92662400007248,2458112,10880.134251017762,444.05322265625,694.25,53
5000,4.033029079437256,0.04072619997896254,235.5939587999601,2560512,10868.326221276748,444.05322265625,694.25,52
5200,3.5563158988952637,0.049806700088083744,245.47015519998968,2662912,10848.21084595995,444.05322265625,694.25,50
5400,3.950043201446533,0.06115199998021126,255.08324919990264,2765312,10840.821608920667,444.05322265625,694.25,46
5600,3.55021071434021,0.0431570999789983,264.1338066998869,2867712,10857.042632404646,444.05322265625,694.25,52
5800,3.8478288650512695,0.05296720005571842,273.90238120011054,2970112,10843.688130736124,444.05322265625,694.25,56
6000,3.69024658203125,0.04450200009159744,284.5511101000011,3072512,10797.750881801912,444.05322265625,694.25,50
6200,3.3251309394836426,0.0408456998411566,293.70243689999916,3174912,10809.96137965653,444.05322265625,694.25,53
6400,3.7654170989990234,0.03851219988428056,302.7876309999265,3277312,10823.797488612723,444.05322265625,694.25,51
6600,3.3245911598205566,0.048793899826705456,312.12675740011036,3379712,10828.011120070685,444.05322265625,694.25,50
6800,3.268066883087158,0.04109369986690581,321.5894011000637,3482112,10827.819536616284,444.05322265625,694.25,44
7000,3.362820625305176,0.05394299980252981,331.2253692999948,3584512,10821.972989494849,444.05322265625,694.25,56
7200,3.274440050125122,0.040515700122341514,340.8808073999826,3686912,10815.839202334007,444.05322265625,694.25,51
7400,3.344897747039795,0.03713640011847019,350.7658758999314,3789312,10802.966480927118,444.05322265625,694.25,53
7600,3.615140676498413,0.04642569995485246,359.98471820005216,3891712,10810.770022291008,444.05322265625,694.25,51
7800,3.479969024658203,0.04474699986167252,369.0339897000231,3994112,10823.1548081701,444.05322265625,694.25,50
